order_id,order_date,customer_id,product_id,product_name,quantity,unit_price,region,segment,revenue
ORD_000001,2024-02-06 23:57:06.853707415,CUST_0002,P003,Product 19,1,392.77,North,Small Business,392.77
ORD_000002,2024-06-06 18:51:13.346693386,CUST_0027,P003,Product 5,5,414.31,West,Home Office,2071.55
ORD_000003,2024-05-06 05:28:58.677354710,CUST_0042,P018,Product 12,4,252.77,South,Corporate,1011.08
ORD_000004,2024-04-07 22:27:39.318637275,CUST_0002,P019,Product 17,3,199.31,South,Home Office,597.9300000000001
ORD_000005,2024-02-08 10:46:24.769539078,CUST_0026,P019,Product 17,4,230.56,East,Home Office,922.24
ORD_000006,2024-01-26 18:05:03.006012024,CUST_0017,P005,Product 10,1,121.21,West,Consumer,121.21
ORD_000007,2024-03-09 04:37:02.044088176,CUST_0040,P018,Product 17,1,445.8,East,Small Business,445.8
ORD_000008,2024-01-08 06:06:29.579158316,CUST_0033,P010,Product 15,4,230.8,West,Consumer,923.2
ORD_000009,2024-02-06 23:57:06.853707415,CUST_0009,P006,Product 12,4,442.41,South,Consumer,1769.64
ORD_000010,2024-02-13 21:21:16.953907815,CUST_0043,P001,Product 16,1,61.79,North,Consumer,61.79
ORD_000011,2024-06-18 00:43:17.194388778,CUST_0048,P005,Product 19,3,494.25,North,Home Office,1482.75
ORD_000012,2024-03-18 14:57:28.496993988,CUST_0039,P009,Product 8,5,227.2,North,Consumer,1136.0
ORD_000013,2024-04-29 16:47:08.056112224,CUST_0029,P012,Product 17,5,33.44,North,Consumer,167.2
ORD_000014,2024-06-15 03:04:41.362725452,CUST_0042,P014,Product 5,4,28.63,North,Small Business,114.52
ORD_000015,2024-02-01 13:22:14.669338677,CUST_0026,P002,Product 16,5,375.64,East,Small Business,1878.1999999999998
ORD_000016,2024-05-14 22:24:46.172344690,CUST_0035,P017,Product 6,1,332.93,West,Consumer,332.93
ORD_000017,2024-02-05 21:50:08.416833667,CUST_0050,P014,Product 8,1,403.04,South,Small Business,403.04
ORD_000018,2024-05-10 05:14:32.945891784,CUST_0025,P013,Product 18,4,61.63,East,Small Business,246.52
ORD_000019,2024-02-24 18:31:01.322645291,CUST_0024,P009,Product 12,4,27.43,West,Consumer,109.72
ORD_000020,2024-02-17 03:42:12.264529058,CUST_0013,P015,Product 15,4,259.2,North,Home Office,1036.8
ORD_000021,2024-02-24 01:06:22.364729459,CUST_0007,P015,Product 9,3,199.92,West,Consumer,599.76
ORD_000022,2024-04-21 17:15:59.519038076,CUST_0036,P011,Product 13,5,236.35,West,Small Business,1181.75
ORD_000023,2024-04-03 05:17:26.092184369,CUST_0045,P016,Product 15,4,495.88,North,Home Office,1983.52
ORD_000024,2024-05-04 09:57:21.282565130,CUST_0020,P017,Product 10,2,485.67,North,Corporate,971.34
ORD_000025,2024-06-27 02:21:24.168336674,CUST_0001,P004,Product 16,2,471.73,North,Home Office,943.46
ORD_000026,2024-05-29 19:20:04.809619238,CUST_0008,P001,Product 7,1,394.08,South,Small Business,394.08
ORD_000027,2024-04-16 06:41:07.334669338,CUST_0046,P008,Product 17,5,183.87,North,Home Office,919.35
ORD_000028,2024-05-19 15:34:59.398797596,CUST_0016,P017,Product 7,4,211.94,South,Consumer,847.76
ORD_000029,2024-03-10 06:44:00.480961924,CUST_0014,P003,Product 14,2,279.31,North,Corporate,558.62
ORD_000030,2024-06-09 16:29:49.178356714,CUST_0012,P020,Product 15,5,416.96,South,Corporate,2084.7999999999997
ORD_000031,2024-04-10 02:41:36.192384770,CUST_0023,P015,Product 7,1,43.67,West,Corporate,43.67
ORD_000032,2024-02-28 00:51:56.633266533,CUST_0015,P015,Product 9,3,217.91,East,Small Business,653.73
ORD_000033,2024-06-15 11:47:00.841683366,CUST_0028,P014,Product 19,5,50.48,West,Small Business,252.39999999999998
ORD_000034,2024-04-23 12:47:36.913827656,CUST_0034,P014,Product 16,5,262.18,West,Corporate,1310.9
ORD_000035,2024-01-08 14:48:49.058116232,CUST_0002,P002,Product 8,3,450.46,North,Home Office,1351.3799999999999
ORD_000036,2024-04-01 09:45:48.697394790,CUST_0032,P013,Product 18,5,393.42,South,Corporate,1967.1000000000001
ORD_000037,2024-03-26 05:46:17.555110221,CUST_0023,P014,Product 18,1,121.64,East,Home Office,121.64
ORD_000038,2024-05-04 18:39:40.761523046,CUST_0022,P019,Product 20,1,488.24,North,Home Office,488.24
ORD_000039,2024-01-18 09:51:34.989979960,CUST_0025,P007,Product 7,3,337.0,North,Small Business,1011.0
ORD_000040,2024-06-20 22:21:53.026052104,CUST_0022,P003,Product 3,4,15.11,North,Home Office,60.44
ORD_000041,2024-01-22 00:54:49.779559118,CUST_0022,P015,Product 18,2,135.15,West,Corporate,270.3
ORD_000042,2024-03-02 07:12:51.943887776,CUST_0049,P014,Product 10,4,137.75,South,Small Business,551.0
ORD_000043,2024-06-21 07:04:12.505010020,CUST_0042,P011,Product 7,5,43.93,South,Consumer,219.65
ORD_000044,2024-03-08 19:54:42.565130261,CUST_0006,P015,Product 17,2,480.31,East,Consumer,960.62
ORD_000045,2024-06-16 22:36:18.757515030,CUST_0015,P013,Product 14,3,244.35,South,Small Business,733.05
ORD_000046,2024-04-07 22:27:39.318637275,CUST_0043,P018,Product 3,3,448.95,South,Corporate,1346.85
ORD_000047,2024-03-09 13:19:21.523046092,CUST_0037,P006,Product 12,2,167.89,North,Consumer,335.78
ORD_000048,2024-06-10 09:54:28.136272546,CUST_0033,P003,Product 13,1,71.36,North,Consumer,71.36
ORD_000049,2024-03-04 02:44:29.338677355,CUST_0008,P019,Product 2,2,242.42,West,Home Office,484.84
ORD_000050,2024-06-10 09:54:28.136272546,CUST_0044,P015,Product 3,5,65.84,North,Home Office,329.20000000000005
ORD_000051,2024-01-19 03:16:13.947895791,CUST_0044,P005,Product 5,1,248.15,North,Corporate,248.15
ORD_000052,2024-05-11 16:03:50.861723448,CUST_0005,P010,Product 11,3,460.95,North,Small Business,1382.85
ORD_000053,2024-01-20 14:05:31.863727455,CUST_0039,P007,Product 8,2,265.18,North,Corporate,530.36
ORD_000054,2024-03-29 03:24:53.386773547,CUST_0004,P017,Product 12,4,312.08,West,Small Business,1248.32
ORD_000055,2024-04-25 17:01:33.787575150,CUST_0006,P007,Product 7,4,86.75,North,Consumer,347.0
ORD_000056,2024-02-17 03:42:12.264529058,CUST_0045,P012,Product 15,5,31.43,East,Home Office,157.15
ORD_000057,2024-06-24 13:25:07.815631262,CUST_0032,P017,Product 17,4,64.3,East,Corporate,257.2
ORD_000058,2024-04-20 23:51:20.561122244,CUST_0030,P013,Product 4,2,303.28,East,Corporate,606.56
ORD_000059,2024-02-18 14:31:30.180360721,CUST_0047,P020,Product 13,2,56.56,East,Small Business,113.12
ORD_000060,2024-01-08 06:06:29.579158316,CUST_0035,P004,Product 18,4,194.24,North,Small Business,776.96
ORD_000061,2024-04-28 23:22:29.098196392,CUST_0040,P010,Product 1,2,279.55,East,Corporate,559.1
ORD_000062,2024-03-01 05:05:53.507014028,CUST_0016,P003,Product 16,5,200.44,North,Small Business,1002.2
ORD_000063,2024-04-09 00:34:37.755511022,CUST_0013,P009,Product 13,1,90.21,West,Corporate,90.21
ORD_000064,2024-05-20 08:59:38.356713426,CUST_0050,P013,Product 10,5,144.16,East,Corporate,720.8
ORD_000065,2024-02-01 22:04:34.148296593,CUST_0042,P018,Product 12,5,464.88,South,Corporate,2324.4
ORD_000066,2024-04-24 06:12:15.871743488,CUST_0030,P015,Product 2,2,341.23,East,Consumer,682.46
ORD_000067,2024-01-05 17:10:13.226452905,CUST_0019,P004,Product 3,1,253.06,East,Small Business,253.06
ORD_000068,2024-03-28 10:00:14.428857716,CUST_0017,P015,Product 10,2,16.23,North,Home Office,32.46
ORD_000069,2024-04-05 18:13:42.444889780,CUST_0019,P002,Product 2,3,496.28,East,Home Office,1488.84
ORD_000070,2024-05-05 03:22:00.240480962,CUST_0028,P015,Product 13,2,339.01,South,Small Business,678.02
ORD_000071,2024-01-19 20:40:52.905811623,CUST_0026,P008,Product 13,2,165.29,North,Corporate,330.58
ORD_000072,2024-05-19 15:34:59.398797596,CUST_0037,P008,Product 18,2,440.84,North,Home Office,881.68
ORD_000073,2024-05-02 23:08:03.366733468,CUST_0026,P017,Product 3,1,136.63,West,Home Office,136.63
ORD_000074,2024-02-03 00:11:32.585170340,CUST_0023,P012,Product 7,2,276.57,West,Small Business,553.14
ORD_000075,2024-05-12 18:10:49.298597194,CUST_0009,P019,Product 14,1,321.67,East,Home Office,321.67
ORD_000076,2024-06-09 16:29:49.178356714,CUST_0012,P010,Product 20,4,118.32,West,Corporate,473.28
ORD_000077,2024-06-13 16:15:23.446893788,CUST_0001,P009,Product 17,3,489.41,West,Small Business,1468.23
ORD_000078,2024-06-03 21:12:37.515030060,CUST_0001,P005,Product 12,1,376.61,West,Corporate,376.61
ORD_000079,2024-04-05 09:31:22.965931864,CUST_0047,P006,Product 16,4,283.33,North,Home Office,1133.32
ORD_000080,2024-06-04 23:19:35.951903808,CUST_0034,P020,Product 12,1,98.49,North,Home Office,98.49
ORD_000081,2024-01-13 07:59:02.284569138,CUST_0032,P002,Product 15,1,36.39,North,Corporate,36.39
ORD_000082,2024-03-15 08:36:33.186372746,CUST_0048,P013,Product 10,3,166.83,West,Consumer,500.49
ORD_000083,2024-01-30 00:25:58.316633266,CUST_0025,P006,Product 7,5,379.06,North,Home Office,1895.3
ORD_000084,2024-05-31 23:34:01.683366734,CUST_0040,P005,Product 20,5,141.97,West,Consumer,709.85
ORD_000085,2024-01-18 18:33:54.468937875,CUST_0045,P001,Product 5,1,274.38,North,Home Office,274.38
ORD_000086,2024-05-10 05:14:32.945891784,CUST_0001,P006,Product 1,2,366.69,North,Consumer,733.38
ORD_000087,2024-05-20 08:59:38.356713426,CUST_0016,P006,Product 17,4,62.89,South,Consumer,251.56
ORD_000088,2024-01-01 08:42:19.478957915,CUST_0039,P016,Product 3,2,345.8,East,Consumer,691.6
ORD_000089,2024-05-21 02:24:17.314629258,CUST_0005,P004,Product 13,2,55.02,West,Corporate,110.04
ORD_000090,2024-01-20 05:23:12.384769539,CUST_0022,P011,Product 14,1,482.91,South,Consumer,482.91
ORD_000091,2024-02-08 02:04:05.290581162,CUST_0029,P009,Product 18,1,249.31,North,Consumer,249.31
ORD_000092,2024-04-03 22:42:05.050100200,CUST_0003,P003,Product 4,1,83.83,West,Consumer,83.83
ORD_000093,2024-04-22 01:58:18.997995992,CUST_0012,P019,Product 18,1,177.77,North,Home Office,177.77
ORD_000094,2024-06-21 15:46:31.983967936,CUST_0026,P008,Product 5,5,212.57,East,Consumer,1062.85
ORD_000095,2024-03-09 22:01:41.002004008,CUST_0016,P005,Product 16,1,381.51,South,Home Office,381.51
ORD_000096,2024-05-25 10:52:11.062124248,CUST_0037,P004,Product 1,5,374.28,East,Consumer,1871.3999999999999
ORD_000097,2024-03-19 17:04:26.933867736,CUST_0022,P006,Product 14,5,309.85,South,Consumer,1549.25
ORD_000098,2024-01-16 14:19:57.595190380,CUST_0029,P002,Product 15,1,61.91,North,Corporate,61.91
ORD_000099,2024-02-28 09:34:16.112224449,CUST_0014,P020,Product 9,3,84.27,East,Home Office,252.81
ORD_000100,2024-03-13 21:47:15.270541082,CUST_0028,P011,Product 15,4,55.94,East,Consumer,223.76
ORD_000101,2024-06-10 09:54:28.136272546,CUST_0005,P004,Product 17,2,292.81,North,Home Office,585.62
ORD_000102,2024-06-24 04:42:48.336673346,CUST_0047,P015,Product 4,5,439.8,East,Home Office,2199.0
ORD_000103,2024-04-07 13:45:19.839679359,CUST_0049,P006,Product 12,4,222.56,West,Small Business,890.24
ORD_000104,2024-05-06 22:53:37.635270542,CUST_0030,P017,Product 5,3,88.82,South,Corporate,266.46
ORD_000105,2024-04-19 21:44:22.124248498,CUST_0046,P006,Product 5,2,283.44,South,Corporate,566.88
ORD_000106,2024-04-07 22:27:39.318637275,CUST_0005,P019,Product 11,2,407.76,South,Corporate,815.52
ORD_000107,2024-06-14 00:57:42.925851704,CUST_0012,P002,Product 6,5,373.44,West,Small Business,1867.2
ORD_000108,2024-06-16 05:11:39.799599198,CUST_0016,P015,Product 7,1,441.91,South,Small Business,441.91
ORD_000109,2024-03-18 14:57:28.496993988,CUST_0026,P011,Product 14,3,146.17,North,Corporate,438.51
ORD_000110,2024-04-01 01:03:29.218436874,CUST_0026,P008,Product 11,5,105.04,East,Small Business,525.2
ORD_000111,2024-03-09 13:19:21.523046092,CUST_0048,P019,Product 13,3,441.11,West,Small Business,1323.33
ORD_000112,2024-04-17 00:05:46.292585170,CUST_0021,P013,Product 2,1,332.2,South,Small Business,332.2
ORD_000113,2024-03-17 21:32:49.539078156,CUST_0039,P012,Product 7,1,162.36,North,Corporate,162.36
ORD_000114,2024-03-16 02:01:12.144288577,CUST_0036,P005,Product 20,5,373.75,East,Corporate,1868.75
ORD_000115,2024-03-26 14:28:37.034068136,CUST_0033,P006,Product 4,1,409.41,East,Corporate,409.41
ORD_000116,2024-05-02 05:43:24.408817636,CUST_0030,P004,Product 8,4,311.34,West,Small Business,1245.36
ORD_000117,2024-05-12 18:10:49.298597194,CUST_0037,P019,Product 20,2,347.06,West,Corporate,694.12
ORD_000118,2024-01-19 20:40:52.905811623,CUST_0023,P020,Product 19,5,193.88,West,Small Business,969.4
ORD_000119,2024-04-11 04:48:34.629258517,CUST_0010,P001,Product 13,3,273.96,North,Consumer,821.8799999999999
ORD_000120,2024-05-28 08:30:46.893787576,CUST_0005,P020,Product 14,4,266.84,North,Small Business,1067.36
ORD_000121,2024-03-19 08:22:07.454909820,CUST_0036,P017,Product 10,5,425.54,West,Home Office,2127.7000000000003
ORD_000122,2024-04-01 01:03:29.218436874,CUST_0034,P012,Product 11,1,421.58,South,Corporate,421.58
ORD_000123,2024-03-08 19:54:42.565130261,CUST_0031,P015,Product 2,1,418.01,East,Corporate,418.01
ORD_000124,2024-05-17 11:21:02.525050100,CUST_0010,P001,Product 9,1,15.41,East,Home Office,15.41
ORD_000125,2024-06-27 11:03:43.647294590,CUST_0019,P014,Product 17,1,377.28,North,Small Business,377.28
ORD_000126,2024-01-15 12:12:59.158316633,CUST_0032,P006,Product 3,3,381.75,East,Consumer,1145.25
ORD_000127,2024-02-26 14:02:38.717434870,CUST_0001,P005,Product 6,4,342.41,South,Home Office,1369.64
ORD_000128,2024-01-06 01:52:32.705410821,CUST_0005,P011,Product 5,2,380.57,East,Home Office,761.14
ORD_000129,2024-04-18 19:37:23.687374750,CUST_0045,P004,Product 5,3,422.57,North,Small Business,1267.71
ORD_000130,2024-01-24 05:08:46.653306613,CUST_0004,P013,Product 15,3,240.46,North,Corporate,721.38
ORD_000131,2024-05-04 18:39:40.761523046,CUST_0016,P011,Product 17,2,256.0,South,Small Business,512.0
ORD_000132,2024-04-28 05:57:50.140280562,CUST_0024,P003,Product 9,2,71.11,South,Home Office,142.22
ORD_000133,2024-01-03 21:38:35.831663326,CUST_0016,P001,Product 3,1,198.83,East,Home Office,198.83
ORD_000134,2024-05-04 09:57:21.282565130,CUST_0002,P006,Product 20,3,325.25,East,Corporate,975.75
ORD_000135,2024-02-16 10:17:33.306613226,CUST_0049,P018,Product 17,5,392.4,North,Corporate,1962.0
ORD_000136,2024-06-27 02:21:24.168336674,CUST_0028,P010,Product 10,2,116.43,South,Corporate,232.86
ORD_000137,2024-02-18 23:13:49.659318637,CUST_0032,P005,Product 3,2,77.53,South,Small Business,155.06
ORD_000138,2024-06-19 20:14:54.589178356,CUST_0027,P010,Product 18,4,334.89,South,Corporate,1339.56
ORD_000139,2024-01-23 11:44:07.695390781,CUST_0020,P012,Product 18,5,10.92,East,Home Office,54.6
ORD_000140,2024-02-20 01:20:48.096192385,CUST_0024,P002,Product 17,5,97.4,South,Home Office,487.0
ORD_000141,2024-06-29 15:17:40.521042084,CUST_0012,P013,Product 3,2,24.24,North,Consumer,48.48
ORD_000142,2024-01-30 00:25:58.316633266,CUST_0050,P008,Product 3,1,91.77,North,Small Business,91.77
ORD_000143,2024-05-21 19:48:56.272545090,CUST_0035,P002,Product 6,4,98.85,East,Consumer,395.4
ORD_000144,2024-02-28 18:16:35.591182365,CUST_0033,P020,Product 13,5,199.96,West,Home Office,999.8000000000001
ORD_000145,2024-05-31 14:51:42.204408818,CUST_0033,P001,Product 15,2,207.14,East,Consumer,414.28
ORD_000146,2024-04-14 11:09:29.939879760,CUST_0043,P005,Product 9,5,438.39,West,Home Office,2191.95
ORD_000147,2024-05-17 02:38:43.046092184,CUST_0037,P009,Product 4,4,259.95,South,Consumer,1039.8
ORD_000148,2024-04-04 07:24:24.529058116,CUST_0012,P017,Product 14,4,364.47,East,Corporate,1457.88
ORD_000149,2024-06-26 08:56:45.210420842,CUST_0003,P009,Product 5,3,61.03,North,Consumer,183.09
ORD_000150,2024-03-24 10:14:40.160320641,CUST_0001,P011,Product 2,2,120.46,South,Corporate,240.92
ORD_000151,2024-01-15 12:12:59.158316633,CUST_0033,P015,Product 11,4,354.44,North,Corporate,1417.76
ORD_000152,2024-01-10 19:02:45.931863727,CUST_0040,P006,Product 9,3,35.87,South,Small Business,107.60999999999999
ORD_000153,2024-02-18 14:31:30.180360721,CUST_0010,P003,Product 3,3,248.43,East,Corporate,745.29
ORD_000154,2024-03-13 13:04:55.791583166,CUST_0043,P017,Product 9,5,303.69,West,Corporate,1518.45
ORD_000155,2024-04-28 14:40:09.619238478,CUST_0044,P005,Product 3,5,305.05,South,Consumer,1525.25
ORD_000156,2024-04-06 20:20:40.881763527,CUST_0029,P012,Product 2,3,21.24,West,Home Office,63.72
ORD_000157,2024-05-31 06:09:22.725450902,CUST_0013,P018,Product 12,5,167.83,South,Small Business,839.1500000000001
ORD_000158,2024-01-12 14:34:23.326653306,CUST_0012,P014,Product 10,4,321.88,North,Corporate,1287.52
ORD_000159,2024-01-18 01:09:15.511022044,CUST_0031,P011,Product 9,1,83.01,North,Small Business,83.01
ORD_000160,2024-05-27 06:23:48.456913828,CUST_0046,P009,Product 15,4,350.75,South,Consumer,1403.0
ORD_000161,2024-01-23 03:01:48.216432865,CUST_0002,P002,Product 8,3,375.5,West,Corporate,1126.5
ORD_000162,2024-03-18 23:39:47.975951904,CUST_0050,P012,Product 5,3,491.16,East,Consumer,1473.48
ORD_000163,2024-04-15 21:58:47.855711422,CUST_0035,P003,Product 11,4,112.82,East,Small Business,451.28
ORD_000164,2024-02-05 13:07:48.937875751,CUST_0023,P003,Product 2,5,414.31,North,Consumer,2071.55
ORD_000165,2024-03-03 00:37:30.901803607,CUST_0017,P001,Product 15,5,264.95,East,Small Business,1324.75
ORD_000166,2024-05-10 05:14:32.945891784,CUST_0026,P008,Product 6,3,193.0,North,Consumer,579.0
ORD_000167,2024-03-18 06:15:09.018036072,CUST_0008,P008,Product 8,2,69.96,East,Small Business,139.92
ORD_000168,2024-06-20 22:21:53.026052104,CUST_0029,P011,Product 5,5,370.4,South,Home Office,1852.0
ORD_000169,2024-01-13 07:59:02.284569138,CUST_0026,P009,Product 16,4,125.57,North,Consumer,502.28
ORD_000170,2024-06-11 12:01:26.573146292,CUST_0010,P005,Product 18,5,192.0,North,Consumer,960.0
ORD_000171,2024-03-22 23:25:22.244488978,CUST_0026,P014,Product 6,4,40.65,South,Home Office,162.6
ORD_000172,2024-02-06 06:32:27.895791583,CUST_0034,P003,Product 5,3,402.67,North,Home Office,1208.01
ORD_000173,2024-06-04 23:19:35.951903808,CUST_0041,P005,Product 16,5,385.63,East,Consumer,1928.15
ORD_000174,2024-06-16 05:11:39.799599198,CUST_0007,P005,Product 13,4,369.47,East,Home Office,1477.88
ORD_000175,2024-02-17 03:42:12.264529058,CUST_0004,P019,Product 5,3,156.73,North,Corporate,470.18999999999994
ORD_000176,2024-04-02 20:35:06.613226453,CUST_0050,P014,Product 13,2,95.01,East,Small Business,190.02
ORD_000177,2024-01-02 10:49:17.915831663,CUST_0045,P004,Product 17,4,322.4,West,Small Business,1289.6
ORD_000178,2024-03-19 17:04:26.933867736,CUST_0011,P013,Product 18,2,253.12,North,Small Business,506.24
ORD_000179,2024-04-02 03:10:27.655310621,CUST_0029,P010,Product 8,2,97.34,South,Corporate,194.68
ORD_000180,2024-05-24 00:02:53.146292586,CUST_0036,P018,Product 13,1,346.1,West,Home Office,346.1
ORD_000181,2024-05-09 20:32:13.466933868,CUST_0025,P008,Product 19,5,495.65,North,Home Office,2478.25
ORD_000182,2024-04-12 06:55:33.066132265,CUST_0021,P008,Product 3,4,376.14,South,Consumer,1504.56
ORD_000183,2024-05-22 04:31:15.751503006,CUST_0036,P007,Product 8,2,372.59,East,Home Office,745.18
ORD_000184,2024-03-15 17:18:52.665330661,CUST_0010,P008,Product 2,1,475.65,South,Consumer,475.65
ORD_000185,2024-01-06 01:52:32.705410821,CUST_0037,P014,Product 8,3,109.44,West,Corporate,328.32
ORD_000186,2024-05-05 03:22:00.240480962,CUST_0009,P019,Product 13,4,287.12,East,Small Business,1148.48
ORD_000187,2024-01-15 20:55:18.637274549,CUST_0024,P006,Product 13,2,490.03,North,Small Business,980.06
ORD_000188,2024-05-17 11:21:02.525050100,CUST_0035,P001,Product 1,5,90.99,East,Small Business,454.95
ORD_000189,2024-06-15 20:29:20.320641282,CUST_0049,P015,Product 6,1,353.12,North,Home Office,353.12
ORD_000190,2024-03-05 13:33:47.254509018,CUST_0035,P001,Product 19,2,297.05,North,Consumer,594.1
ORD_000191,2024-01-23 11:44:07.695390781,CUST_0048,P017,Product 16,5,297.37,South,Consumer,1486.85
ORD_000192,2024-05-07 07:35:57.114228458,CUST_0036,P001,Product 8,2,351.86,South,Corporate,703.72
ORD_000193,2024-03-24 10:14:40.160320641,CUST_0018,P015,Product 1,4,465.51,South,Home Office,1862.04
ORD_000194,2024-03-28 01:17:54.949899800,CUST_0049,P002,Product 16,4,393.47,West,Corporate,1573.88
ORD_000195,2024-01-19 11:58:33.426853707,CUST_0039,P014,Product 9,4,37.51,West,Consumer,150.04
ORD_000196,2024-02-04 11:00:50.501002004,CUST_0032,P008,Product 13,1,427.84,South,Consumer,427.84
ORD_000197,2024-05-20 08:59:38.356713426,CUST_0024,P008,Product 11,4,120.52,West,Small Business,482.08
ORD_000198,2024-03-21 03:53:44.849699399,CUST_0023,P019,Product 13,5,194.69,East,Home Office,973.45
ORD_000199,2024-06-24 13:25:07.815631262,CUST_0032,P007,Product 10,2,236.25,East,Consumer,472.5
ORD_000200,2024-05-27 06:23:48.456913828,CUST_0037,P019,Product 4,3,245.64,West,Small Business,736.92
ORD_000201,2024-03-24 10:14:40.160320641,CUST_0012,P006,Product 6,5,223.24,West,Home Office,1116.2
ORD_000202,2024-03-26 14:28:37.034068136,CUST_0049,P006,Product 7,5,469.3,East,Corporate,2346.5
ORD_000203,2024-02-21 12:10:06.012024048,CUST_0013,P003,Product 5,4,355.95,North,Home Office,1423.8
ORD_000204,2024-03-02 15:55:11.422845691,CUST_0023,P007,Product 11,1,319.27,East,Home Office,319.27
ORD_000205,2024-01-11 03:45:05.410821643,CUST_0025,P019,Product 13,2,34.42,East,Consumer,68.84
ORD_000206,2024-01-13 16:41:21.763527054,CUST_0035,P008,Product 19,1,452.92,West,Consumer,452.92
ORD_000207,2024-01-05 08:27:53.747494990,CUST_0041,P010,Product 10,2,455.6,East,Home Office,911.2
ORD_000208,2024-02-27 16:09:37.154308617,CUST_0030,P020,Product 10,2,392.3,West,Consumer,784.6
ORD_000209,2024-04-28 05:57:50.140280562,CUST_0017,P015,Product 11,1,13.44,West,Consumer,13.44
ORD_000210,2024-03-08 11:12:23.086172345,CUST_0049,P015,Product 7,5,38.07,South,Consumer,190.35
ORD_000211,2024-03-28 18:42:33.907815631,CUST_0020,P001,Product 18,2,120.36,East,Small Business,240.72
ORD_000212,2024-01-31 19:57:35.711422845,CUST_0048,P020,Product 4,1,74.36,North,Small Business,74.36
ORD_000213,2024-04-12 15:37:52.545090180,CUST_0025,P007,Product 2,2,205.43,South,Home Office,410.86
ORD_000214,2024-01-24 13:51:06.132264529,CUST_0022,P004,Product 14,3,462.09,West,Consumer,1386.27
ORD_000215,2024-03-02 07:12:51.943887776,CUST_0013,P006,Product 13,5,241.31,West,Small Business,1206.55
ORD_000216,2024-01-16 23:02:17.074148296,CUST_0019,P001,Product 12,4,16.57,North,Home Office,66.28
ORD_000217,2024-01-23 03:01:48.216432865,CUST_0049,P005,Product 7,2,148.55,West,Consumer,297.1
ORD_000218,2024-06-08 14:22:50.741482966,CUST_0036,P001,Product 2,3,31.85,East,Corporate,95.55000000000001
ORD_000219,2024-02-18 05:49:10.701402805,CUST_0012,P004,Product 13,4,27.78,South,Consumer,111.12
ORD_000220,2024-04-12 15:37:52.545090180,CUST_0041,P002,Product 14,4,145.1,West,Consumer,580.4
ORD_000221,2024-01-10 19:02:45.931863727,CUST_0019,P010,Product 17,2,145.05,West,Small Business,290.1
ORD_000222,2024-02-08 19:28:44.248496994,CUST_0012,P005,Product 9,1,395.69,North,Home Office,395.69
ORD_000223,2024-01-16 14:19:57.595190380,CUST_0009,P010,Product 17,2,487.67,East,Home Office,975.34
ORD_000224,2024-05-02 23:08:03.366733468,CUST_0007,P001,Product 8,3,191.89,West,Small Business,575.67
ORD_000225,2024-04-13 09:02:31.503006012,CUST_0028,P006,Product 2,4,220.15,North,Consumer,880.6
ORD_000226,2024-06-10 09:54:28.136272546,CUST_0014,P013,Product 13,2,423.95,West,Corporate,847.9
ORD_000227,2024-04-29 16:47:08.056112224,CUST_0031,P015,Product 3,1,141.39,North,Consumer,141.39
ORD_000228,2024-02-16 01:35:13.827655310,CUST_0019,P004,Product 16,2,86.63,North,Consumer,173.26
ORD_000229,2024-05-05 20:46:39.198396794,CUST_0047,P013,Product 6,5,428.01,East,Corporate,2140.05
ORD_000230,2024-06-20 04:57:14.068136272,CUST_0016,P020,Product 19,1,32.79,West,Small Business,32.79
ORD_000231,2024-03-24 10:14:40.160320641,CUST_0005,P015,Product 7,3,313.65,East,Home Office,940.9499999999999
ORD_000232,2024-03-09 13:19:21.523046092,CUST_0035,P008,Product 10,4,285.38,North,Small Business,1141.52
ORD_000233,2024-03-22 06:00:43.286573146,CUST_0012,P005,Product 9,2,179.5,South,Small Business,359.0
ORD_000234,2024-05-19 06:52:39.919839680,CUST_0025,P015,Product 2,1,164.44,West,Consumer,164.44
ORD_000235,2024-05-16 09:14:04.088176352,CUST_0021,P004,Product 15,5,388.21,South,Home Office,1941.05
ORD_000236,2024-04-12 06:55:33.066132265,CUST_0036,P012,Product 5,1,52.35,West,Home Office,52.35
ORD_000237,2024-06-10 09:54:28.136272546,CUST_0023,P013,Product 4,5,126.02,East,Small Business,630.1
ORD_000238,2024-02-13 12:38:57.474949900,CUST_0016,P002,Product 20,3,368.9,East,Corporate,1106.6999999999998
ORD_000239,2024-02-11 17:07:20.080160320,CUST_0039,P019,Product 4,4,278.68,East,Small Business,1114.72
ORD_000240,2024-06-15 20:29:20.320641282,CUST_0045,P019,Product 18,3,72.71,East,Corporate,218.13
ORD_000241,2024-03-25 03:39:19.118236473,CUST_0042,P004,Product 4,2,442.25,East,Home Office,884.5
ORD_000242,2024-04-03 13:59:45.571142285,CUST_0039,P004,Product 17,1,202.79,South,Small Business,202.79
ORD_000243,2024-05-09 20:32:13.466933868,CUST_0014,P011,Product 12,5,415.66,East,Consumer,2078.3
ORD_000244,2024-03-12 10:57:57.354709419,CUST_0031,P005,Product 17,5,395.98,North,Small Business,1979.9
ORD_000245,2024-06-14 00:57:42.925851704,CUST_0005,P020,Product 10,1,315.97,North,Home Office,315.97
ORD_000246,2024-05-28 17:13:06.372745492,CUST_0035,P011,Product 1,1,252.3,South,Consumer,252.3
ORD_000247,2024-02-19 07:56:09.138276553,CUST_0023,P010,Product 18,2,489.98,West,Consumer,979.96
ORD_000248,2024-04-24 23:36:54.829659318,CUST_0029,P008,Product 18,3,81.03,North,Corporate,243.09
ORD_000249,2024-02-29 11:41:14.549098196,CUST_0043,P006,Product 14,5,365.33,West,Consumer,1826.6499999999999
ORD_000250,2024-03-22 06:00:43.286573146,CUST_0011,P006,Product 15,2,103.68,South,Consumer,207.36
ORD_000251,2024-04-20 23:51:20.561122244,CUST_0018,P008,Product 12,3,175.75,West,Small Business,527.25
ORD_000252,2024-03-25 12:21:38.597194389,CUST_0047,P015,Product 4,2,161.26,West,Home Office,322.52
ORD_000253,2024-03-03 00:37:30.901803607,CUST_0012,P014,Product 3,5,474.05,West,Corporate,2370.25
ORD_000254,2024-02-24 18:31:01.322645291,CUST_0009,P011,Product 20,1,484.0,West,Small Business,484.0
ORD_000255,2024-06-16 13:53:59.278557114,CUST_0010,P012,Product 12,1,99.68,South,Consumer,99.68
ORD_000256,2024-04-23 21:29:56.392785572,CUST_0044,P013,Product 7,3,20.8,North,Consumer,62.400000000000006
ORD_000257,2024-05-15 07:07:05.651302606,CUST_0017,P008,Product 11,4,362.8,East,Corporate,1451.2
ORD_000258,2024-02-27 16:09:37.154308617,CUST_0038,P018,Product 1,3,214.82,West,Home Office,644.46
ORD_000259,2024-02-04 11:00:50.501002004,CUST_0007,P001,Product 6,4,53.53,North,Corporate,214.12
ORD_000260,2024-06-19 20:14:54.589178356,CUST_0046,P015,Product 15,2,345.04,North,Small Business,690.08
ORD_000261,2024-03-25 03:39:19.118236473,CUST_0013,P008,Product 15,2,277.1,South,Corporate,554.2
ORD_000262,2024-03-05 22:16:06.733466934,CUST_0040,P011,Product 19,5,490.45,North,Consumer,2452.25
ORD_000263,2024-02-10 15:00:21.643286573,CUST_0042,P012,Product 11,4,121.43,South,Small Business,485.72
ORD_000264,2024-04-24 23:36:54.829659318,CUST_0009,P012,Product 2,5,207.95,West,Consumer,1039.75
ORD_000265,2024-06-28 21:53:01.563126252,CUST_0050,P004,Product 14,1,275.85,West,Home Office,275.85
ORD_000266,2024-06-08 23:05:10.220440882,CUST_0027,P016,Product 2,4,397.93,East,Consumer,1591.72
ORD_000267,2024-01-19 11:58:33.426853707,CUST_0002,P004,Product 4,3,278.93,East,Consumer,836.79
ORD_000268,2024-04-06 20:20:40.881763527,CUST_0005,P005,Product 17,1,310.32,East,Corporate,310.32
ORD_000269,2024-04-16 15:23:26.813627254,CUST_0029,P005,Product 3,1,120.81,North,Consumer,120.81
ORD_000270,2024-05-19 15:34:59.398797596,CUST_0037,P008,Product 13,3,424.99,West,Small Business,1274.97
ORD_000271,2024-05-20 00:17:18.877755512,CUST_0038,P010,Product 9,1,220.03,South,Small Business,220.03
ORD_000272,2024-02-10 15:00:21.643286573,CUST_0019,P017,Product 7,4,79.07,East,Home Office,316.28
ORD_000273,2024-02-06 06:32:27.895791583,CUST_0008,P009,Product 15,5,335.45,South,Small Business,1677.25
ORD_000274,2024-02-10 15:00:21.643286573,CUST_0048,P019,Product 11,1,115.88,South,Corporate,115.88
ORD_000275,2024-06-08 05:40:31.262525050,CUST_0045,P014,Product 20,4,57.81,East,Home Office,231.24
ORD_000276,2024-01-30 00:25:58.316633266,CUST_0001,P008,Product 2,2,432.37,West,Small Business,864.74
ORD_000277,2024-03-08 11:12:23.086172345,CUST_0022,P009,Product 15,4,235.48,East,Corporate,941.92
ORD_000278,2024-02-10 15:00:21.643286573,CUST_0017,P011,Product 14,5,377.15,South,Small Business,1885.75
ORD_000279,2024-01-01 08:42:19.478957915,CUST_0007,P001,Product 20,4,152.39,East,Small Business,609.56
ORD_000280,2024-02-16 18:59:52.785571142,CUST_0025,P014,Product 11,3,395.62,South,Consumer,1186.8600000000001
ORD_000281,2024-03-20 10:29:05.891783567,CUST_0045,P005,Product 3,5,64.85,South,Small Business,324.25
ORD_000282,2024-01-20 05:23:12.384769539,CUST_0004,P014,Product 17,2,184.43,East,Small Business,368.86
ORD_000283,2024-05-04 01:15:01.803607214,CUST_0036,P004,Product 12,3,489.25,North,Corporate,1467.75
ORD_000284,2024-06-24 13:25:07.815631262,CUST_0006,P001,Product 15,4,399.05,East,Corporate,1596.2
ORD_000285,2024-03-21 21:18:23.807615231,CUST_0031,P019,Product 16,5,253.66,North,Consumer,1268.3
ORD_000286,2024-03-22 06:00:43.286573146,CUST_0019,P008,Product 5,2,176.49,South,Small Business,352.98
ORD_000287,2024-05-19 06:52:39.919839680,CUST_0044,P015,Product 20,3,437.35,South,Consumer,1312.0500000000002
ORD_000288,2024-05-25 19:34:30.541082164,CUST_0039,P015,Product 6,2,276.98,North,Small Business,553.96
ORD_000289,2024-02-15 08:10:34.869739479,CUST_0027,P009,Product 19,4,381.63,South,Home Office,1526.52
ORD_000290,2024-02-16 18:59:52.785571142,CUST_0010,P009,Product 5,2,379.51,North,Home Office,759.02
ORD_000291,2024-01-19 20:40:52.905811623,CUST_0026,P010,Product 3,1,18.79,North,Consumer,18.79
ORD_000292,2024-03-03 00:37:30.901803607,CUST_0019,P020,Product 1,3,71.86,South,Consumer,215.57999999999998
ORD_000293,2024-03-19 17:04:26.933867736,CUST_0039,P009,Product 6,2,333.22,West,Consumer,666.44
ORD_000294,2024-02-27 16:09:37.154308617,CUST_0003,P003,Product 15,4,89.19,North,Corporate,356.76
ORD_000295,2024-03-12 10:57:57.354709419,CUST_0045,P020,Product 2,4,135.19,East,Corporate,540.76
ORD_000296,2024-05-30 12:44:43.767535070,CUST_0013,P011,Product 3,2,473.85,East,Corporate,947.7
ORD_000297,2024-03-30 05:31:51.823647295,CUST_0050,P006,Product 17,4,284.49,South,Consumer,1137.96
ORD_000298,2024-04-27 03:50:51.703406814,CUST_0028,P002,Product 12,5,377.86,West,Small Business,1889.3000000000002
ORD_000299,2024-06-07 20:58:11.783567134,CUST_0020,P007,Product 18,5,283.41,South,Home Office,1417.0500000000002
ORD_000300,2024-03-14 06:29:34.749498998,CUST_0028,P018,Product 15,5,280.73,West,Consumer,1403.65
ORD_000301,2024-03-07 09:05:24.649298597,CUST_0008,P002,Product 12,1,56.13,North,Corporate,56.13
ORD_000302,2024-02-14 06:03:36.432865731,CUST_0041,P017,Product 16,2,178.39,North,Corporate,356.78
ORD_000303,2024-05-25 02:09:51.583166332,CUST_0039,P011,Product 8,1,148.39,North,Consumer,148.39
ORD_000304,2024-04-02 03:10:27.655310621,CUST_0001,P012,Product 14,4,201.46,North,Consumer,805.84
ORD_000305,2024-04-16 06:41:07.334669338,CUST_0003,P019,Product 17,1,401.19,East,Corporate,401.19
ORD_000306,2024-04-11 04:48:34.629258517,CUST_0013,P007,Product 8,4,192.25,East,Small Business,769.0
ORD_000307,2024-04-27 12:33:11.182364730,CUST_0028,P020,Product 15,4,231.33,South,Corporate,925.32
ORD_000308,2024-05-14 13:42:26.693386774,CUST_0049,P006,Product 14,3,204.72,West,Corporate,614.16
ORD_000309,2024-02-05 04:25:29.458917835,CUST_0025,P001,Product 18,5,55.77,North,Consumer,278.85
ORD_000310,2024-03-12 10:57:57.354709419,CUST_0033,P017,Product 20,4,226.13,North,Small Business,904.52
ORD_000311,2024-06-19 02:50:15.631262526,CUST_0038,P011,Product 7,3,105.85,West,Corporate,317.54999999999995
ORD_000312,2024-05-22 21:55:54.709418838,CUST_0006,P018,Product 3,5,101.49,West,Corporate,507.45
ORD_000313,2024-03-27 16:35:35.470941884,CUST_0044,P017,Product 12,4,56.08,South,Home Office,224.32
ORD_000314,2024-02-21 20:52:25.490981964,CUST_0045,P007,Product 3,4,184.77,West,Consumer,739.08
ORD_000315,2024-02-04 19:43:09.979959920,CUST_0032,P017,Product 20,1,381.17,North,Home Office,381.17
ORD_000316,2024-03-13 13:04:55.791583166,CUST_0045,P020,Product 14,1,145.46,North,Home Office,145.46
ORD_000317,2024-02-14 14:45:55.911823647,CUST_0047,P009,Product 15,5,163.05,North,Corporate,815.25
ORD_000318,2024-03-08 11:12:23.086172345,CUST_0021,P017,Product 14,4,324.91,North,Consumer,1299.64
ORD_000319,2024-04-27 21:15:30.661322646,CUST_0016,P020,Product 7,2,105.96,North,Small Business,211.92
ORD_000320,2024-06-16 22:36:18.757515030,CUST_0021,P008,Product 17,1,449.51,South,Corporate,449.51
ORD_000321,2024-05-06 05:28:58.677354710,CUST_0011,P017,Product 12,5,264.89,North,Small Business,1324.4499999999998
ORD_000322,2024-04-03 13:59:45.571142285,CUST_0037,P007,Product 20,4,229.33,South,Small Business,917.32
ORD_000323,2024-02-23 07:41:43.406813627,CUST_0036,P001,Product 4,4,283.33,North,Consumer,1133.32
ORD_000324,2024-04-01 01:03:29.218436874,CUST_0035,P013,Product 9,2,91.36,East,Home Office,182.72
ORD_000325,2024-06-09 07:47:29.699398798,CUST_0019,P019,Product 6,5,310.6,East,Consumer,1553.0
ORD_000326,2024-05-31 23:34:01.683366734,CUST_0020,P019,Product 16,4,187.92,East,Small Business,751.68
ORD_000327,2024-05-25 19:34:30.541082164,CUST_0018,P017,Product 2,1,449.62,East,Corporate,449.62
ORD_000328,2024-05-05 03:22:00.240480962,CUST_0047,P013,Product 8,2,92.74,South,Small Business,185.48
ORD_000329,2024-06-12 05:26:05.531062124,CUST_0041,P016,Product 11,5,258.46,South,Corporate,1292.3
ORD_000330,2024-02-22 22:59:23.927855711,CUST_0049,P008,Product 13,2,303.08,West,Corporate,606.16
ORD_000331,2024-02-23 07:41:43.406813627,CUST_0014,P019,Product 17,1,26.36,North,Consumer,26.36
ORD_000332,2024-05-07 07:35:57.114228458,CUST_0015,P018,Product 8,5,188.21,East,Small Business,941.0500000000001
ORD_000333,2024-03-12 19:40:16.833667335,CUST_0031,P001,Product 18,2,368.99,South,Home Office,737.98
ORD_000334,2024-04-21 08:33:40.040080160,CUST_0001,P014,Product 18,3,411.98,North,Small Business,1235.94
ORD_000335,2024-06-26 00:14:25.731462926,CUST_0003,P019,Product 14,1,163.45,North,Small Business,163.45
ORD_000336,2024-05-30 21:27:03.246492986,CUST_0016,P015,Product 15,1,401.31,South,Home Office,401.31
ORD_000337,2024-06-02 10:23:19.599198396,CUST_0023,P018,Product 6,1,484.2,East,Consumer,484.2
ORD_000338,2024-02-16 01:35:13.827655310,CUST_0011,P002,Product 11,3,429.87,West,Small Business,1289.6100000000001
ORD_000339,2024-01-14 18:48:20.200400801,CUST_0012,P017,Product 13,3,67.65,North,Small Business,202.95000000000002
ORD_000340,2024-05-02 05:43:24.408817636,CUST_0010,P018,Product 1,4,372.47,West,Corporate,1489.88
ORD_000341,2024-05-10 05:14:32.945891784,CUST_0032,P006,Product 6,2,166.64,East,Small Business,333.28
ORD_000342,2024-02-16 10:17:33.306613226,CUST_0016,P019,Product 9,4,494.32,East,Home Office,1977.28
ORD_000343,2024-04-06 11:38:21.402805611,CUST_0008,P004,Product 8,2,247.83,West,Corporate,495.66
ORD_000344,2024-06-21 07:04:12.505010020,CUST_0038,P001,Product 11,3,69.99,East,Consumer,209.96999999999997
ORD_000345,2024-06-08 14:22:50.741482966,CUST_0012,P008,Product 19,3,365.34,North,Corporate,1096.02
ORD_000346,2024-06-20 04:57:14.068136272,CUST_0024,P007,Product 9,4,168.28,West,Home Office,673.12
ORD_000347,2024-06-06 01:26:34.388777556,CUST_0028,P003,Product 17,5,498.57,East,Home Office,2492.85
ORD_000348,2024-02-24 09:48:41.843687375,CUST_0008,P010,Product 12,4,490.09,West,Corporate,1960.36
ORD_000349,2024-05-30 04:02:24.288577154,CUST_0028,P010,Product 14,2,331.51,North,Consumer,663.02
ORD_000350,2024-06-22 00:28:51.462925852,CUST_0036,P019,Product 15,4,73.61,East,Corporate,294.44
ORD_000351,2024-04-17 17:30:25.250501002,CUST_0026,P014,Product 16,1,346.56,North,Consumer,346.56
ORD_000352,2024-02-05 13:07:48.937875751,CUST_0008,P002,Product 20,2,55.58,East,Corporate,111.16
ORD_000353,2024-04-05 00:49:03.486973948,CUST_0050,P001,Product 1,2,24.39,South,Home Office,48.78
ORD_000354,2024-04-01 01:03:29.218436874,CUST_0028,P018,Product 10,5,413.25,East,Small Business,2066.25
ORD_000355,2024-02-21 20:52:25.490981964,CUST_0028,P007,Product 8,3,112.78,West,Small Business,338.34000000000003
ORD_000356,2024-05-05 03:22:00.240480962,CUST_0037,P008,Product 18,2,195.72,East,Consumer,391.44
ORD_000357,2024-02-10 06:18:02.164328657,CUST_0041,P001,Product 1,3,486.99,North,Consumer,1460.97
ORD_000358,2024-06-30 00:00:00.000000000,CUST_0036,P003,Product 2,4,175.05,North,Consumer,700.2
ORD_000359,2024-01-22 09:37:09.258517034,CUST_0027,P008,Product 1,1,155.28,East,Home Office,155.28
ORD_000360,2024-05-13 11:35:28.256513026,CUST_0017,P015,Product 1,5,459.92,West,Corporate,2299.6
ORD_000361,2024-01-01 08:42:19.478957915,CUST_0009,P005,Product 9,3,64.27,South,Home Office,192.81
ORD_000362,2024-05-19 06:52:39.919839680,CUST_0033,P003,Product 13,2,382.2,West,Small Business,764.4
ORD_000363,2024-04-19 21:44:22.124248498,CUST_0020,P019,Product 1,3,494.15,South,Consumer,1482.4499999999998
ORD_000364,2024-04-01 18:28:08.176352706,CUST_0013,P001,Product 13,2,451.64,North,Corporate,903.28
ORD_000365,2024-02-20 10:03:07.575150300,CUST_0028,P015,Product 20,3,329.32,West,Small Business,987.96
ORD_000366,2024-06-12 22:50:44.488977956,CUST_0048,P008,Product 7,2,163.89,South,Small Business,327.78
ORD_000367,2024-01-14 01:23:41.242484970,CUST_0029,P002,Product 2,4,134.62,East,Small Business,538.48
ORD_000368,2024-02-27 16:09:37.154308617,CUST_0013,P003,Product 6,2,411.44,North,Home Office,822.88
ORD_000369,2024-01-03 21:38:35.831663326,CUST_0046,P014,Product 7,2,441.11,East,Consumer,882.22
ORD_000370,2024-03-25 03:39:19.118236473,CUST_0035,P014,Product 14,1,267.46,North,Small Business,267.46
ORD_000371,2024-02-05 13:07:48.937875751,CUST_0006,P011,Product 18,2,129.73,West,Consumer,259.46
ORD_000372,2024-02-22 22:59:23.927855711,CUST_0018,P016,Product 15,1,65.34,West,Home Office,65.34
ORD_000373,2024-04-19 21:44:22.124248498,CUST_0005,P004,Product 2,5,52.72,North,Small Business,263.6
ORD_000374,2024-03-16 02:01:12.144288577,CUST_0047,P020,Product 10,1,362.35,North,Home Office,362.35
ORD_000375,2024-02-17 03:42:12.264529058,CUST_0025,P005,Product 12,4,215.86,North,Home Office,863.44
ORD_000376,2024-05-26 04:16:50.020040080,CUST_0002,P014,Product 17,1,453.63,West,Consumer,453.63
ORD_000377,2024-02-24 18:31:01.322645291,CUST_0010,P016,Product 8,5,372.44,South,Small Business,1862.2
ORD_000378,2024-01-20 05:23:12.384769539,CUST_0030,P018,Product 11,4,103.72,East,Home Office,414.88
ORD_000379,2024-02-13 03:56:37.995991984,CUST_0050,P007,Product 3,3,310.75,East,Small Business,932.25
ORD_000380,2024-02-28 00:51:56.633266533,CUST_0045,P010,Product 6,3,223.4,West,Consumer,670.2
ORD_000381,2024-05-27 15:06:07.935871744,CUST_0005,P007,Product 9,1,292.85,East,Home Office,292.85
ORD_000382,2024-02-11 17:07:20.080160320,CUST_0033,P001,Product 6,1,371.65,North,Consumer,371.65
ORD_000383,2024-01-27 20:12:01.442885771,CUST_0001,P019,Product 9,5,405.04,South,Small Business,2025.2
ORD_000384,2024-02-10 15:00:21.643286573,CUST_0018,P016,Product 7,5,423.43,East,Small Business,2117.15
ORD_000385,2024-06-14 00:57:42.925851704,CUST_0032,P019,Product 9,2,134.45,South,Consumer,268.9
ORD_000386,2024-05-31 23:34:01.683366734,CUST_0047,P004,Product 18,5,25.25,North,Corporate,126.25
ORD_000387,2024-06-01 16:58:40.641282566,CUST_0049,P018,Product 12,2,372.25,East,Home Office,744.5
ORD_000388,2024-02-07 08:39:26.332665330,CUST_0011,P002,Product 8,4,62.11,West,Small Business,248.44
ORD_000389,2024-05-02 23:08:03.366733468,CUST_0021,P001,Product 8,1,164.31,South,Small Business,164.31
ORD_000390,2024-04-01 18:28:08.176352706,CUST_0026,P015,Product 18,4,11.87,North,Home Office,47.48
ORD_000391,2024-03-22 23:25:22.244488978,CUST_0025,P005,Product 20,5,344.02,South,Consumer,1720.1
ORD_000392,2024-02-10 06:18:02.164328657,CUST_0022,P020,Product 15,4,91.89,East,Consumer,367.56
ORD_000393,2024-06-20 04:57:14.068136272,CUST_0027,P011,Product 7,4,331.09,East,Consumer,1324.36
ORD_000394,2024-02-05 13:07:48.937875751,CUST_0049,P010,Product 11,4,495.95,West,Corporate,1983.8
ORD_000395,2024-02-25 03:13:20.801603206,CUST_0013,P002,Product 20,5,45.61,North,Corporate,228.05
ORD_000396,2024-05-06 05:28:58.677354710,CUST_0033,P003,Product 16,4,47.77,North,Small Business,191.08
ORD_000397,2024-05-25 10:52:11.062124248,CUST_0034,P012,Product 4,2,176.79,West,Consumer,353.58
ORD_000398,2024-05-18 22:10:20.440881764,CUST_0041,P020,Product 6,5,434.53,West,Home Office,2172.6499999999996
ORD_000399,2024-05-12 09:28:29.819639278,CUST_0035,P005,Product 3,4,115.61,North,Small Business,462.44
ORD_000400,2024-05-02 05:43:24.408817636,CUST_0001,P005,Product 9,5,186.59,South,Home Office,932.95
ORD_000401,2024-03-11 00:08:39.438877756,CUST_0021,P006,Product 10,3,43.57,South,Small Business,130.71
ORD_000402,2024-04-22 01:58:18.997995992,CUST_0048,P009,Product 14,2,383.95,West,Corporate,767.9
ORD_000403,2024-02-28 18:16:35.591182365,CUST_0006,P002,Product 11,4,210.07,South,Small Business,840.28
ORD_000404,2024-03-16 02:01:12.144288577,CUST_0028,P012,Product 18,3,382.03,North,Corporate,1146.09
ORD_000405,2024-06-10 01:12:08.657314630,CUST_0017,P003,Product 12,3,452.77,East,Small Business,1358.31
ORD_000406,2024-03-01 22:30:32.464929860,CUST_0005,P020,Product 12,5,124.05,East,Consumer,620.25
ORD_000407,2024-06-24 04:42:48.336673346,CUST_0031,P012,Product 13,3,405.62,South,Home Office,1216.8600000000001
ORD_000408,2024-02-28 00:51:56.633266533,CUST_0005,P017,Product 13,2,38.96,West,Consumer,77.92
ORD_000409,2024-01-25 07:15:45.090180360,CUST_0038,P010,Product 19,2,450.44,West,Small Business,900.88
ORD_000410,2024-04-14 11:09:29.939879760,CUST_0003,P014,Product 19,1,328.88,West,Small Business,328.88
ORD_000411,2024-05-24 00:02:53.146292586,CUST_0023,P017,Product 14,2,438.37,West,Small Business,876.74
ORD_000412,2024-04-10 02:41:36.192384770,CUST_0037,P018,Product 4,3,10.09,West,Corporate,30.27
ORD_000413,2024-04-19 21:44:22.124248498,CUST_0037,P019,Product 13,2,92.85,South,Home Office,185.7
ORD_000414,2024-05-26 04:16:50.020040080,CUST_0010,P017,Product 8,5,200.98,East,Home Office,1004.9
ORD_000415,2024-05-18 22:10:20.440881764,CUST_0010,P014,Product 19,1,195.96,East,Small Business,195.96
ORD_000416,2024-05-21 19:48:56.272545090,CUST_0019,P009,Product 12,3,121.1,South,Small Business,363.29999999999995
ORD_000417,2024-02-18 14:31:30.180360721,CUST_0017,P008,Product 18,1,196.99,West,Corporate,196.99
ORD_000418,2024-03-11 08:50:58.917835671,CUST_0021,P002,Product 6,3,73.14,South,Consumer,219.42000000000002
ORD_000419,2024-05-25 02:09:51.583166332,CUST_0014,P013,Product 18,5,212.25,East,Consumer,1061.25
ORD_000420,2024-02-16 01:35:13.827655310,CUST_0009,P007,Product 19,1,403.15,North,Home Office,403.15
ORD_000421,2024-01-12 14:34:23.326653306,CUST_0046,P009,Product 5,4,244.74,South,Corporate,978.96
ORD_000422,2024-03-04 11:26:48.817635271,CUST_0001,P011,Product 9,3,18.82,West,Small Business,56.46
ORD_000423,2024-06-15 11:47:00.841683366,CUST_0045,P014,Product 3,4,216.51,East,Home Office,866.04
ORD_000424,2024-06-09 07:47:29.699398798,CUST_0013,P004,Product 10,1,23.32,East,Corporate,23.32
ORD_000425,2024-05-14 05:00:07.214428858,CUST_0004,P013,Product 19,4,483.46,East,Consumer,1933.84
ORD_000426,2024-06-19 02:50:15.631262526,CUST_0001,P002,Product 3,4,72.45,East,Corporate,289.8
ORD_000427,2024-05-15 15:49:25.130260522,CUST_0049,P005,Product 15,1,356.77,West,Consumer,356.77
ORD_000428,2024-01-08 14:48:49.058116232,CUST_0040,P011,Product 1,5,486.66,North,Corporate,2433.3
ORD_000429,2024-03-26 23:10:56.513026052,CUST_0032,P006,Product 7,4,414.76,East,Home Office,1659.04
ORD_000430,2024-02-26 22:44:58.196392786,CUST_0034,P018,Product 12,4,352.66,South,Consumer,1410.64
ORD_000431,2024-01-14 10:06:00.721442885,CUST_0028,P010,Product 17,5,421.34,North,Home Office,2106.7
ORD_000432,2024-03-24 01:32:20.681362726,CUST_0031,P004,Product 20,4,491.08,East,Home Office,1964.32
ORD_000433,2024-05-12 00:46:10.340681362,CUST_0008,P009,Product 5,4,314.46,North,Consumer,1257.84
ORD_000434,2024-01-19 03:16:13.947895791,CUST_0039,P006,Product 4,4,284.0,South,Consumer,1136.0
ORD_000435,2024-06-07 12:15:52.304609218,CUST_0026,P002,Product 12,2,317.84,East,Small Business,635.68
ORD_000436,2024-04-05 09:31:22.965931864,CUST_0034,P017,Product 20,5,271.01,South,Small Business,1355.05
ORD_000437,2024-04-12 06:55:33.066132265,CUST_0003,P005,Product 18,4,321.19,West,Small Business,1284.76
ORD_000438,2024-01-10 10:20:26.452905811,CUST_0050,P006,Product 17,5,230.42,East,Home Office,1152.1
ORD_000439,2024-03-22 14:43:02.765531062,CUST_0012,P012,Product 19,3,117.04,East,Home Office,351.12
ORD_000440,2024-04-10 02:41:36.192384770,CUST_0001,P010,Product 9,3,68.92,East,Small Business,206.76
ORD_000441,2024-04-13 09:02:31.503006012,CUST_0044,P006,Product 4,4,43.49,East,Home Office,173.96
ORD_000442,2024-02-04 19:43:09.979959920,CUST_0005,P008,Product 2,5,139.02,West,Home Office,695.1
ORD_000443,2024-04-12 15:37:52.545090180,CUST_0030,P002,Product 4,5,32.6,East,Consumer,163.0
ORD_000444,2024-05-12 18:10:49.298597194,CUST_0030,P012,Product 2,5,287.91,North,Consumer,1439.5500000000002
ORD_000445,2024-06-11 03:19:07.094188376,CUST_0017,P013,Product 15,2,149.08,East,Home Office,298.16
ORD_000446,2024-06-23 02:35:49.899799600,CUST_0048,P007,Product 2,3,414.02,West,Small Business,1242.06
ORD_000447,2024-06-12 22:50:44.488977956,CUST_0047,P010,Product 4,5,46.38,East,Corporate,231.9
ORD_000448,2024-04-24 14:54:35.350701402,CUST_0023,P013,Product 6,5,120.91,North,Small Business,604.55
ORD_000449,2024-04-19 21:44:22.124248498,CUST_0015,P017,Product 7,2,367.82,West,Corporate,735.64
ORD_000450,2024-02-22 22:59:23.927855711,CUST_0037,P014,Product 10,2,303.42,West,Small Business,606.84
ORD_000451,2024-01-02 02:06:58.436873747,CUST_0021,P002,Product 19,5,41.6,North,Consumer,208.0
ORD_000452,2024-01-13 07:59:02.284569138,CUST_0014,P011,Product 19,1,439.85,North,Home Office,439.85
ORD_000453,2024-03-10 06:44:00.480961924,CUST_0002,P001,Product 12,5,439.86,North,Home Office,2199.3
ORD_000454,2024-01-18 09:51:34.989979960,CUST_0011,P019,Product 3,5,171.9,North,Consumer,859.5
ORD_000455,2024-01-06 19:17:11.663326653,CUST_0039,P004,Product 13,2,176.8,North,Corporate,353.6
ORD_000456,2024-03-03 00:37:30.901803607,CUST_0038,P019,Product 18,2,494.62,West,Corporate,989.24
ORD_000457,2024-03-20 10:29:05.891783567,CUST_0034,P011,Product 8,5,316.83,West,Corporate,1584.1499999999999
ORD_000458,2024-02-26 22:44:58.196392786,CUST_0038,P008,Product 15,5,270.35,East,Consumer,1351.75
ORD_000459,2024-06-21 15:46:31.983967936,CUST_0050,P011,Product 1,5,420.69,East,Corporate,2103.45
ORD_000460,2024-01-17 07:44:36.553106212,CUST_0034,P004,Product 3,2,149.79,South,Consumer,299.58
ORD_000461,2024-05-14 22:24:46.172344690,CUST_0018,P017,Product 8,5,220.3,East,Small Business,1101.5
ORD_000462,2024-01-02 19:31:37.394789579,CUST_0030,P007,Product 4,5,141.21,East,Small Business,706.0500000000001
ORD_000463,2024-02-05 13:07:48.937875751,CUST_0015,P008,Product 16,4,396.69,North,Consumer,1586.76
ORD_000464,2024-05-17 11:21:02.525050100,CUST_0027,P003,Product 10,1,290.94,North,Home Office,290.94
ORD_000465,2024-03-25 03:39:19.118236473,CUST_0034,P002,Product 12,3,332.82,East,Small Business,998.46
ORD_000466,2024-01-14 01:23:41.242484970,CUST_0038,P015,Product 14,1,133.63,South,Corporate,133.63
ORD_000467,2024-04-11 04:48:34.629258517,CUST_0033,P005,Product 14,4,117.91,North,Consumer,471.64
ORD_000468,2024-05-06 05:28:58.677354710,CUST_0024,P001,Product 2,3,249.3,East,Corporate,747.9000000000001
ORD_000469,2024-06-28 21:53:01.563126252,CUST_0015,P004,Product 5,5,371.41,East,Corporate,1857.0500000000002
ORD_000470,2024-04-19 04:19:43.166332666,CUST_0030,P015,Product 5,4,267.37,West,Home Office,1069.48
ORD_000471,2024-03-06 06:58:26.212424850,CUST_0042,P020,Product 6,5,26.0,South,Corporate,130.0
ORD_000472,2024-02-04 02:18:31.022044088,CUST_0017,P019,Product 13,2,435.59,West,Home Office,871.18
ORD_000473,2024-02-05 13:07:48.937875751,CUST_0005,P003,Product 9,4,41.7,South,Small Business,166.8
ORD_000474,2024-03-08 19:54:42.565130261,CUST_0029,P020,Product 15,2,478.35,North,Consumer,956.7
ORD_000475,2024-06-23 02:35:49.899799600,CUST_0004,P011,Product 14,4,22.32,South,Corporate,89.28
ORD_000476,2024-02-11 17:07:20.080160320,CUST_0010,P017,Product 7,4,350.28,East,Consumer,1401.12
ORD_000477,2024-03-09 22:01:41.002004008,CUST_0017,P013,Product 20,2,50.28,East,Corporate,100.56
ORD_000478,2024-04-01 09:45:48.697394790,CUST_0010,P011,Product 2,3,456.23,South,Consumer,1368.69
ORD_000479,2024-06-18 18:07:56.152304610,CUST_0017,P002,Product 7,1,237.57,South,Corporate,237.57
ORD_000480,2024-05-30 12:44:43.767535070,CUST_0020,P009,Product 6,5,77.39,South,Corporate,386.95
ORD_000481,2024-06-19 11:32:35.110220442,CUST_0024,P002,Product 17,4,177.0,West,Corporate,708.0
ORD_000482,2024-02-28 00:51:56.633266533,CUST_0005,P009,Product 2,5,90.76,South,Corporate,453.8
ORD_000483,2024-04-02 11:52:47.134268537,CUST_0034,P009,Product 3,2,93.59,North,Corporate,187.18
ORD_000484,2024-04-26 19:08:32.224448898,CUST_0006,P008,Product 5,5,474.57,West,Corporate,2372.85
ORD_000485,2024-02-16 01:35:13.827655310,CUST_0002,P017,Product 5,2,228.17,West,Corporate,456.34
ORD_000486,2024-01-07 03:59:31.142284569,CUST_0013,P001,Product 1,5,396.51,South,Corporate,1982.55
ORD_000487,2024-04-11 13:30:54.108216433,CUST_0043,P011,Product 8,1,323.41,North,Corporate,323.41
ORD_000488,2024-06-26 08:56:45.210420842,CUST_0043,P008,Product 12,1,341.45,West,Consumer,341.45
ORD_000489,2024-03-21 12:36:04.328657315,CUST_0048,P010,Product 4,1,74.53,East,Home Office,74.53
ORD_000490,2024-01-20 05:23:12.384769539,CUST_0011,P007,Product 13,1,124.75,West,Corporate,124.75
ORD_000491,2024-01-21 16:12:30.300601202,CUST_0047,P003,Product 15,1,395.51,South,Home Office,395.51
ORD_000492,2024-04-26 19:08:32.224448898,CUST_0023,P003,Product 11,1,485.68,North,Corporate,485.68
ORD_000493,2024-05-10 05:14:32.945891784,CUST_0016,P018,Product 10,2,138.71,South,Corporate,277.42
ORD_000494,2024-03-03 18:02:09.859719439,CUST_0031,P005,Product 3,4,143.07,East,Consumer,572.28
ORD_000495,2024-04-11 04:48:34.629258517,CUST_0011,P012,Product 14,5,241.72,East,Small Business,1208.6
ORD_000496,2024-02-10 23:42:41.122244489,CUST_0016,P012,Product 16,1,492.08,East,Small Business,492.08
ORD_000497,2024-04-14 02:27:10.460921844,CUST_0008,P019,Product 10,2,141.79,South,Consumer,283.58
ORD_000498,2024-06-04 23:19:35.951903808,CUST_0004,P006,Product 10,2,209.42,West,Home Office,418.84
ORD_000499,2024-05-03 16:32:42.324649298,CUST_0040,P002,Product 12,2,446.83,South,Small Business,893.66
ORD_000500,2024-02-24 09:48:41.843687375,CUST_0004,P012,Product 9,4,11.43,North,Consumer,45.72
